{"cameraMode":{"drawMode":0,"name":"Shaded","section":"Shading Mode"},"sceneLighting":false,"audioPlay":false,"sceneViewState":{"m_AlwaysRefresh":false,"showFog":true,"showSkybox":false,"showFlares":true,"showImageEffects":true,"showParticleSystems":true,"showVisualEffectGraphs":true,"m_FxEnabled":true},"in2DMode":false,"pivot":{"x":-0.029093027114868165,"y":1.098937749862671,"z":0.38863617181777956},"rotation":{"x":-0.04376927763223648,"y":0.34352484345436098,"z":-0.01655336283147335,"w":-0.9382703900337219},"size":2.345289468765259,"orthographic":false}