{"cameraMode":{"drawMode":0,"name":"Shaded","section":"Shading Mode"},"sceneLighting":true,"audioPlay":false,"sceneViewState":{"m_AlwaysRefresh":false,"showFog":true,"showSkybox":true,"showFlares":true,"showImageEffects":true,"showParticleSystems":true,"showVisualEffectGraphs":true,"m_FxEnabled":true},"in2DMode":false,"pivot":{"x":-53.485965728759769,"y":7.466535568237305,"z":-22.057260513305665},"rotation":{"x":-0.01605975441634655,"y":-0.8212913870811462,"z":-0.022450260818004609,"w":0.570070743560791},"size":42.115421295166019,"orthographic":false}