{"cameraMode":{"drawMode":0,"name":"Shaded","section":"Shading Mode"},"sceneLighting":true,"audioPlay":false,"sceneViewState":{"m_AlwaysRefresh":false,"showFog":true,"showSkybox":true,"showFlares":true,"showImageEffects":true,"showParticleSystems":true,"showVisualEffectGraphs":true,"m_FxEnabled":true},"in2DMode":false,"pivot":{"x":0.7889150977134705,"y":1.5078303813934327,"z":-4.9879913330078129},"rotation":{"x":-0.1649203598499298,"y":0.20720413327217103,"z":-0.03546135127544403,"w":-0.9636456370353699},"size":1.3452292680740357,"orthographic":false}