{"cameraMode":{"drawMode":0,"name":"Shaded","section":"Shading Mode"},"sceneLighting":true,"audioPlay":false,"sceneViewState":{"m_AlwaysRefresh":false,"showFog":true,"showSkybox":true,"showFlares":true,"showImageEffects":true,"showParticleSystems":true,"showVisualEffectGraphs":true,"m_FxEnabled":true},"in2DMode":false,"pivot":{"x":-26.64450454711914,"y":-2.4235124588012697,"z":-62.62628936767578},"rotation":{"x":0.007618599571287632,"y":-0.9598830342292786,"z":0.028402475640177728,"w":0.2795068621635437},"size":43.127479553222659,"orthographic":false}