{"cameraMode":{"drawMode":0,"name":"Shaded","section":"Shading Mode"},"sceneLighting":true,"audioPlay":false,"sceneViewState":{"m_AlwaysRefresh":false,"showFog":true,"showSkybox":true,"showFlares":true,"showImageEffects":true,"showParticleSystems":true,"showVisualEffectGraphs":true,"m_FxEnabled":true},"in2DMode":false,"pivot":{"x":159.60812377929688,"y":3.36525559425354,"z":162.06414794921876},"rotation":{"x":-0.15868352353572846,"y":0.39726224541664126,"z":-0.06995917111635208,"w":-0.9011834263801575},"size":3.9474129676818849,"orthographic":false}