{"cameraMode":{"drawMode":0,"name":"Shaded","section":"Shading Mode"},"sceneLighting":true,"audioPlay":false,"sceneViewState":{"m_AlwaysRefresh":false,"showFog":true,"showSkybox":true,"showFlares":true,"showImageEffects":true,"showParticleSystems":true,"showVisualEffectGraphs":true,"m_FxEnabled":true},"in2DMode":false,"pivot":{"x":3.5832788944244386,"y":2.0362446308135988,"z":-4.8484787940979},"rotation":{"x":0.06630215048789978,"y":0.933276355266571,"z":-0.26372554898262026,"w":0.23463000357151032},"size":0.03836963698267937,"orthographic":false}