{"cameraMode":{"drawMode":0,"name":"Shaded","section":"Shading Mode"},"sceneLighting":true,"audioPlay":false,"sceneViewState":{"m_AlwaysRefresh":false,"showFog":true,"showSkybox":true,"showFlares":true,"showImageEffects":true,"showParticleSystems":true,"showVisualEffectGraphs":true,"m_FxEnabled":true},"in2DMode":false,"pivot":{"x":113.97827911376953,"y":7.9297566413879398,"z":191.2823028564453},"rotation":{"x":-0.015637539327144624,"y":-0.04387357458472252,"z":0.0004603734123520553,"w":0.9992184042930603},"size":6.267587184906006,"orthographic":false}