{"cameraMode":{"drawMode":0,"name":"Shaded","section":"Shading Mode"},"sceneLighting":false,"audioPlay":false,"sceneViewState":{"m_AlwaysRefresh":false,"showFog":true,"showSkybox":false,"showFlares":true,"showImageEffects":true,"showParticleSystems":true,"showVisualEffectGraphs":true,"m_FxEnabled":true},"in2DMode":false,"pivot":{"x":0.000005841255187988281,"y":0.11982983350753784,"z":0.0002810359001159668},"rotation":{"x":0.05345844104886055,"y":-0.7771777510643005,"z":0.06700881570577622,"w":0.6237321496009827},"size":0.4344773292541504,"orthographic":false}