{"cameraMode":{"drawMode":0,"name":"Shaded","section":"Shading Mode"},"sceneLighting":true,"audioPlay":false,"sceneViewState":{"m_AlwaysRefresh":false,"showFog":true,"showSkybox":true,"showFlares":true,"showImageEffects":true,"showParticleSystems":true,"showVisualEffectGraphs":true,"m_FxEnabled":true},"in2DMode":false,"pivot":{"x":25.983680725097658,"y":3.9501891136169435,"z":-15.951659202575684},"rotation":{"x":0.29841291904449465,"y":0.16947436332702638,"z":-0.05393274500966072,"w":0.9377226233482361},"size":0.39155685901641848,"orthographic":false}